Name,Hours_Studied,Attendance (%),Parental_Education,Gender,Test_Score
-1.5275252316519468,-0.2182178902359924,0.3852542052459659,-1.2909944487358056,-1.0,0.22174909191988204
-1.091089451179962,0.6546536707079772,0.8167389151214476,0.7745966692414834,1.0,0.8334707248023152
-0.6546536707079772,-0.6546536707079772,-0.5393558873443522,-0.2581988897471611,1.0,-0.5734890308272811
-0.2182178902359924,1.091089451179962,1.0016609336395113,1.8073922282301278,-1.0,0.9558150513788018
0.2182178902359924,-1.091089451179962,-1.1557626157378975,-0.2581988897471611,1.0,-1.1852106637097144
0.6546536707079772,0.2182178902359924,0.07705084104919317,-1.2909944487358056,-1.0,0.4664377450728553
1.091089451179962,-1.5275252316519468,-1.772169344131443,-0.2581988897471611,1.0,-1.7969322965921475
1.5275252316519468,1.5275252316519468,1.1865829521575748,0.7745966692414834,-1.0,1.0781593779552885
